Open Time,Open,High,Low,Close,Volume,Close Time,Quote Asset Volume,Number of Trades,Taker Buy Base Asset Volume,Taker Buy Quote Asset Volume
2023-01-01 00:00:00+00:00,1196.13,1204.67,1190.57,1200.34,117762.0685,2023-01-01 23:59:59.999000+00:00,141014996.655708,233151.0,60055.5007,71918680.428805
2023-01-02 00:00:00+00:00,1200.33,1224.29,1193.0,1214.0,252794.14,2023-01-02 23:59:59.999000+00:00,306657437.527479,330000.0,123469.9434,149737175.610595
2023-01-03 00:00:00+00:00,1213.99,1219.89,1204.93,1214.55,205519.4944,2023-01-03 23:59:59.999000+00:00,249325343.252245,296709.0,97873.3515,118760573.010809
2023-01-04 00:00:00+00:00,1214.56,1272.6,1212.71,1256.9,457799.6648,2023-01-04 23:59:59.999000+00:00,571805761.158055,526420.0,236858.3427,295758154.621164
2023-01-05 00:00:00+00:00,1256.91,1259.95,1242.81,1251.24,272805.33,2023-01-05 23:59:59.999000+00:00,341379819.27811,339445.0,137396.5629,171968288.82744
2023-01-06 00:00:00+00:00,1251.25,1276.7,1236.0,1269.14,342344.2023,2023-01-06 23:59:59.999000+00:00,429648347.112603,444840.0,172277.4922,216252876.922836
2023-01-07 00:00:00+00:00,1269.13,1271.09,1261.3,1264.07,129474.2884,2023-01-07 23:59:59.999000+00:00,163760550.011656,242794.0,64457.8749,81530432.005823
2023-01-08 00:00:00+00:00,1264.06,1296.0,1257.77,1290.16,213636.7848,2023-01-08 23:59:59.999000+00:00,271373377.530058,341498.0,113501.533,144256844.746569
2023-01-09 00:00:00+00:00,1290.15,1344.91,1285.44,1320.39,581727.6968,2023-01-09 23:59:59.999000+00:00,766640085.930397,667559.0,290264.2976,382393990.070957
2023-01-10 00:00:00+00:00,1320.4,1347.69,1316.8,1335.62,459660.2307,2023-01-10 23:59:59.999000+00:00,611680590.741332,467419.0,223763.8926,297762851.611724
2023-01-11 00:00:00+00:00,1335.63,1398.0,1321.04,1389.39,472465.9556,2023-01-11 23:59:59.999000+00:00,635118946.429521,534745.0,235594.2237,316751892.101341
2023-01-12 00:00:00+00:00,1389.4,1438.0,1361.92,1415.92,877712.4492,2023-01-12 23:59:59.999000+00:00,1231660847.868249,873540.0,438919.3883,616089439.700554
2023-01-13 00:00:00+00:00,1415.91,1464.0,1401.03,1451.2,499377.8649,2023-01-13 23:59:59.999000+00:00,709963291.541629,670535.0,259443.2548,368821974.142587
2023-01-14 00:00:00+00:00,1451.21,1599.98,1449.14,1549.9,940691.7774,2023-01-14 23:59:59.999000+00:00,1444283818.189171,1187799.0,482842.2219,741178178.577223
2023-01-15 00:00:00+00:00,1549.91,1566.66,1516.03,1552.52,387832.7138,2023-01-15 23:59:59.999000+00:00,596626752.297843,590180.0,192499.6889,296178077.150001
2023-01-16 00:00:00+00:00,1552.52,1604.5,1521.31,1576.94,574622.8953,2023-01-16 23:59:59.999000+00:00,897953752.929984,802443.0,283353.4366,442958606.028479
2023-01-17 00:00:00+00:00,1576.94,1609.0,1541.15,1565.57,506771.7219,2023-01-17 23:59:59.999000+00:00,797552620.187337,703325.0,253800.4618,399512238.701721
2023-01-18 00:00:00+00:00,1565.56,1610.0,1501.39,1511.43,752534.8857,2023-01-18 23:59:59.999000+00:00,1172243167.729863,913587.0,379449.3465,591240910.364482
2023-01-19 00:00:00+00:00,1511.44,1564.43,1509.15,1551.09,308679.4645,2023-01-19 23:59:59.999000+00:00,473220810.93493,477203.0,157860.3364,242038742.951305
2023-01-20 00:00:00+00:00,1551.09,1669.9,1542.02,1658.52,440570.9974,2023-01-20 23:59:59.999000+00:00,702227917.870663,710633.0,230258.0214,367212821.332237
2023-01-21 00:00:00+00:00,1658.53,1679.26,1616.21,1626.66,494248.6009,2023-01-21 23:59:59.999000+00:00,815990095.346851,648695.0,242585.2946,400675000.350255
2023-01-22 00:00:00+00:00,1626.65,1663.89,1604.0,1627.44,431729.6909,2023-01-22 23:59:59.999000+00:00,703883818.617405,550009.0,216146.2179,352401960.260315
2023-01-23 00:00:00+00:00,1627.43,1648.09,1585.29,1626.29,407267.1156,2023-01-23 23:59:59.999000+00:00,662442276.006642,602844.0,203026.4669,330314516.706953
2023-01-24 00:00:00+00:00,1626.28,1641.46,1535.0,1555.97,462275.3243,2023-01-24 23:59:59.999000+00:00,742483248.778448,664260.0,219529.2586,352794905.892124
2023-01-25 00:00:00+00:00,1555.97,1641.0,1518.0,1611.94,646474.9166,2023-01-25 23:59:59.999000+00:00,1010958308.523259,832576.0,336800.3351,527017728.015549
2023-01-26 00:00:00+00:00,1611.95,1632.84,1577.43,1601.09,532777.8466,2023-01-26 23:59:59.999000+00:00,856294452.549072,661710.0,255584.4969,410800055.45538
2023-01-27 00:00:00+00:00,1601.08,1621.0,1552.54,1597.62,512093.3875,2023-01-27 23:59:59.999000+00:00,810894459.592812,721339.0,271725.69,430230772.25918
2023-01-28 00:00:00+00:00,1597.61,1606.83,1555.99,1572.1,313675.6574,2023-01-28 23:59:59.999000+00:00,496009423.632769,461988.0,159807.553,252625590.628539
2023-01-29 00:00:00+00:00,1572.1,1660.0,1566.33,1644.72,551767.9134,2023-01-29 23:59:59.999000+00:00,892135111.02851,747055.0,281776.0177,455478541.954577
2023-01-30 00:00:00+00:00,1644.73,1647.53,1535.0,1566.2,595055.3281,2023-01-30 23:59:59.999000+00:00,945663093.918117,783703.0,287321.0407,456477684.329537
2023-01-31 00:00:00+00:00,1566.21,1605.18,1561.63,1585.33,348856.6751,2023-01-31 23:59:59.999000+00:00,550862274.147693,565125.0,173798.9667,274479554.846062
2023-02-01 00:00:00+00:00,1585.32,1647.77,1555.18,1641.68,474617.1709,2023-02-01 23:59:59.999000+00:00,757974339.888151,795274.0,246070.2217,393191559.89692
2023-02-02 00:00:00+00:00,1641.67,1714.68,1626.85,1643.12,629188.8874,2023-02-02 23:59:59.999000+00:00,1052104526.872657,939545.0,314689.8073,526350550.18805
2023-02-03 00:00:00+00:00,1643.12,1676.0,1625.93,1663.52,464815.032,2023-02-03 23:59:59.999000+00:00,766949169.430422,714675.0,229573.0449,378846983.901341
2023-02-04 00:00:00+00:00,1663.52,1695.29,1645.43,1666.38,308227.1295,2023-02-04 23:59:59.999000+00:00,514857995.985798,559308.0,153457.142,256353550.305223
2023-02-05 00:00:00+00:00,1666.39,1673.81,1609.3,1629.02,413579.6748,2023-02-05 23:59:59.999000+00:00,680127291.926744,680427.0,198540.8776,326481458.836427
2023-02-06 00:00:00+00:00,1629.01,1658.56,1605.01,1614.29,384119.4197,2023-02-06 23:59:59.999000+00:00,626831152.687586,636588.0,191802.7932,313101318.539597
2023-02-07 00:00:00+00:00,1614.28,1678.37,1613.14,1671.03,451922.4,2023-02-07 23:59:59.999000+00:00,743635216.728552,746572.0,234924.0525,386597449.582718
2023-02-08 00:00:00+00:00,1671.03,1697.91,1630.47,1650.43,417966.2539,2023-02-08 23:59:59.999000+00:00,695793337.577435,671033.0,205938.1207,342878805.538366
2023-02-09 00:00:00+00:00,1650.42,1656.17,1524.4,1545.35,658011.6964,2023-02-09 23:59:59.999000+00:00,1054014372.583392,973879.0,317244.9366,508466128.352034
2023-02-10 00:00:00+00:00,1545.35,1555.01,1490.0,1513.06,484654.2199,2023-02-10 23:59:59.999000+00:00,743164643.511499,682215.0,220852.4958,338760669.128763
2023-02-11 00:00:00+00:00,1513.05,1543.0,1505.0,1538.51,289691.5708,2023-02-11 23:59:59.999000+00:00,440657107.728338,440506.0,141579.8991,215368016.233777
2023-02-12 00:00:00+00:00,1538.5,1548.02,1493.08,1514.83,286758.374,2023-02-12 23:59:59.999000+00:00,438014692.308034,490609.0,134744.9765,205825023.574182
2023-02-13 00:00:00+00:00,1514.82,1526.1,1461.93,1505.24,643152.3904,2023-02-13 23:59:59.999000+00:00,959644223.335073,788402.0,306701.2995,457512045.482247
2023-02-14 00:00:00+00:00,1505.25,1569.0,1482.66,1555.71,668964.3768,2023-02-14 23:59:59.999000+00:00,1021642935.313975,861338.0,329786.2183,503918880.172473
2023-02-15 00:00:00+00:00,1555.7,1680.0,1542.55,1674.92,581207.8586,2023-02-15 23:59:59.999000+00:00,928452953.945049,852734.0,303747.759,485366943.877121
2023-02-16 00:00:00+00:00,1674.92,1742.97,1633.72,1637.84,832723.6731,2023-02-16 23:59:59.999000+00:00,1408096156.866216,1220762.0,422120.2495,714045600.344282
2023-02-17 00:00:00+00:00,1637.83,1722.0,1630.51,1693.87,579934.663,2023-02-17 23:59:59.999000+00:00,970891863.058295,940022.0,298275.5336,499403199.621222
2023-02-18 00:00:00+00:00,1693.81,1713.13,1679.77,1691.62,267305.7813,2023-02-18 23:59:59.999000+00:00,452969773.61025,457982.0,131392.3667,222669375.870258
2023-02-19 00:00:00+00:00,1691.62,1726.59,1666.14,1679.75,401023.0477,2023-02-19 23:59:59.999000+00:00,680092027.331298,634114.0,198379.91,336553647.754587
2023-02-20 00:00:00+00:00,1679.74,1719.89,1650.56,1703.27,451314.8335,2023-02-20 23:59:59.999000+00:00,765198951.963577,752116.0,233136.761,395372679.440455
2023-02-21 00:00:00+00:00,1703.27,1716.66,1636.3,1659.76,520354.4688,2023-02-21 23:59:59.999000+00:00,874136698.284591,837901.0,261067.8341,438651496.248602
2023-02-22 00:00:00+00:00,1659.77,1666.95,1595.07,1643.14,528875.4809,2023-02-22 23:59:59.999000+00:00,861982489.016571,887617.0,261477.2949,426091167.735719
2023-02-23 00:00:00+00:00,1643.15,1679.0,1628.75,1650.53,501305.9717,2023-02-23 23:59:59.999000+00:00,829754759.565515,849095.0,250058.0952,413918144.478033
2023-02-24 00:00:00+00:00,1650.52,1664.66,1575.64,1607.8,512515.4982,2023-02-24 23:59:59.999000+00:00,831164574.11824,829249.0,244939.4562,397377091.02658
2023-02-25 00:00:00+00:00,1607.8,1608.98,1557.33,1594.58,290188.0391,2023-02-25 23:59:59.999000+00:00,462128193.104393,532834.0,144096.2347,229488719.31488
2023-02-26 00:00:00+00:00,1594.58,1651.26,1587.76,1641.36,308607.9941,2023-02-26 23:59:59.999000+00:00,499002379.520129,544008.0,153077.9388,247588746.299513
2023-02-27 00:00:00+00:00,1641.37,1665.22,1608.0,1633.45,431861.4129,2023-02-27 23:59:59.999000+00:00,707841123.057607,679771.0,215202.8928,352736478.154143
2023-02-28 00:00:00+00:00,1633.45,1647.52,1596.66,1605.23,393523.1647,2023-02-28 23:59:59.999000+00:00,640150766.311205,626287.0,192261.4758,312879269.16716
2023-03-01 00:00:00+00:00,1605.24,1669.72,1595.0,1665.22,474456.8235,2023-03-01 23:59:59.999000+00:00,780632253.606366,725546.0,233810.6993,384611475.602082
2023-03-02 00:00:00+00:00,1665.23,1677.86,1619.18,1647.86,423023.8082,2023-03-02 23:59:59.999000+00:00,694364877.504408,644400.0,209908.348,344522660.652602
2023-03-03 00:00:00+00:00,1647.86,1649.25,1544.39,1569.45,742816.5976,2023-03-03 23:59:59.999000+00:00,1166573996.744236,1008133.0,356042.8657,558918754.566335
2023-03-04 00:00:00+00:00,1569.45,1577.53,1549.12,1566.73,237640.2606,2023-03-04 23:59:59.999000+00:00,371865636.794456,442158.0,114523.6396,179242456.92659
2023-03-05 00:00:00+00:00,1566.74,1588.77,1553.05,1564.58,299240.7415,2023-03-05 23:59:59.999000+00:00,469729098.462738,505034.0,146252.8571,229586295.581382
2023-03-06 00:00:00+00:00,1564.57,1583.49,1554.44,1565.84,307709.3011,2023-03-06 23:59:59.999000+00:00,482146763.966397,495130.0,151429.2666,237315661.183636
2023-03-07 00:00:00+00:00,1565.84,1584.49,1536.14,1561.96,437947.9032,2023-03-07 23:59:59.999000+00:00,682865640.744412,601157.0,222838.1714,347497907.936122
2023-03-08 00:00:00+00:00,1561.95,1570.89,1523.61,1532.38,460101.7658,2023-03-08 23:59:59.999000+00:00,714552395.993279,647197.0,227125.8414,352776402.72266
2023-03-09 00:00:00+00:00,1532.38,1546.45,1408.0,1437.32,718485.1364,2023-03-09 23:59:59.999000+00:00,1072396877.907578,914935.0,340420.8159,508749569.094812
2023-03-10 00:00:00+00:00,1437.32,1439.43,1368.39,1426.44,960262.4509,2023-03-10 23:59:59.999000+00:00,1353741388.827259,1155209.0,462418.6232,651918990.291944
2023-03-11 00:00:00+00:00,1426.43,1478.07,1408.4,1471.97,1374859.6201,2023-03-11 23:59:59.999000+00:00,1987926852.348374,1467256.0,674055.1504,975054688.509361
2023-03-12 00:00:00+00:00,1471.93,1594.19,1448.3,1580.33,1002355.0929,2023-03-12 23:59:59.999000+00:00,1506839740.469654,1253899.0,507616.3281,763938923.683043
2023-03-13 00:00:00+00:00,1580.33,1693.49,1565.0,1673.45,1228063.6053,2023-03-13 23:59:59.999000+00:00,1992277884.796341,1671283.0,631386.3058,1024622574.37087
2023-03-14 00:00:00+00:00,1673.44,1780.02,1655.24,1699.4,1283321.2355,2023-03-14 23:59:59.999000+00:00,2195733827.910122,1750035.0,666065.6812,1139199433.36359
2023-03-15 00:00:00+00:00,1699.41,1716.9,1611.0,1649.96,963142.4833,2023-03-15 23:59:59.999000+00:00,1602460705.895695,1388384.0,463785.2099,771970600.269402
2023-03-16 00:00:00+00:00,1649.95,1691.42,1632.18,1673.73,627985.6119,2023-03-16 23:59:59.999000+00:00,1040043241.140285,1004406.0,325261.1993,538689586.432635
2023-03-17 00:00:00+00:00,1673.73,1800.0,1662.65,1789.27,907528.2825,2023-03-17 23:59:59.999000+00:00,1569265196.452905,1293055.0,476255.4948,824016896.569734
2023-03-18 00:00:00+00:00,1789.26,1841.0,1747.47,1758.84,711614.731,2023-03-18 23:59:59.999000+00:00,1280189359.424549,1115890.0,353131.9671,635373026.202565
2023-03-19 00:00:00+00:00,1758.84,1841.36,1757.92,1780.68,541131.8908,2023-03-19 23:59:59.999000+00:00,972006261.580209,919093.0,275030.1756,494016367.258819
2023-03-20 00:00:00+00:00,1780.67,1803.05,1722.0,1732.78,682848.1248,2023-03-20 23:59:59.999000+00:00,1205036446.951221,1083767.0,346231.4658,611012606.172705
2023-03-21 00:00:00+00:00,1732.77,1835.0,1717.01,1801.23,742348.4999,2023-03-21 23:59:59.999000+00:00,1324018564.211035,1166036.0,399394.246,712603682.260025
2023-03-22 00:00:00+00:00,1801.23,1819.98,1710.12,1734.33,891287.6009,2023-03-22 23:59:59.999000+00:00,1581074700.20938,1286030.0,432312.7267,767322678.065599
2023-03-23 00:00:00+00:00,1734.34,1857.16,1729.35,1813.79,732061.103,2023-03-23 23:59:59.999000+00:00,1312199315.577505,1074713.0,388644.191,697106769.812962
2023-03-24 00:00:00+00:00,1813.78,1818.99,1726.4,1749.57,564770.1417,2023-03-24 23:59:59.999000+00:00,1001546184.532135,855600.0,283157.3494,502222091.710247
2023-03-25 00:00:00+00:00,1749.57,1763.23,1713.09,1741.88,355679.3743,2023-03-25 23:59:59.999000+00:00,620341997.183512,620651.0,174749.2834,304837439.681757
2023-03-26 00:00:00+00:00,1741.88,1801.0,1739.31,1773.88,354933.2372,2023-03-26 23:59:59.999000+00:00,627660488.27267,592618.0,178518.2669,315691892.319254
2023-03-27 00:00:00+00:00,1773.88,1780.48,1686.13,1715.22,570563.5023,2023-03-27 23:59:59.999000+00:00,987197970.21984,810253.0,274628.4302,475175903.710224
2023-03-28 00:00:00+00:00,1715.21,1795.73,1701.13,1772.99,536511.3973,2023-03-28 23:59:59.999000+00:00,935507384.149678,766887.0,286377.2164,499476096.824357
2023-03-29 00:00:00+00:00,1773.0,1827.99,1772.48,1793.07,536865.5972,2023-03-29 23:59:59.999000+00:00,967342311.082234,810500.0,283946.5459,511607922.311683
2023-03-30 00:00:00+00:00,1793.06,1829.69,1763.0,1793.61,579690.0394,2023-03-30 23:59:59.999000+00:00,1039397383.7804,876484.0,299825.6561,537640857.627622
2023-03-31 00:00:00+00:00,1793.6,1847.28,1777.91,1821.52,554525.4762,2023-03-31 23:59:59.999000+00:00,1006896937.025254,902956.0,289189.755,525237162.942127
2023-04-01 00:00:00+00:00,1821.52,1842.83,1807.81,1820.79,272904.9674,2023-04-01 23:59:59.999000+00:00,497460628.076191,579259.0,138942.8139,253278130.995171
2023-04-02 00:00:00+00:00,1820.8,1824.81,1771.7,1794.51,322122.9385,2023-04-02 23:59:59.999000+00:00,580909276.164171,637705.0,162593.2236,293256522.063042
2023-04-03 00:00:00+00:00,1794.51,1839.99,1762.77,1810.51,628503.6619,2023-04-03 23:59:59.999000+00:00,1131436800.437073,1098681.0,318256.9181,573104096.04297
2023-04-04 00:00:00+00:00,1810.51,1891.91,1802.01,1870.37,622208.6411,2023-04-04 23:59:59.999000+00:00,1151551698.653268,1087425.0,324318.0474,599946499.359023
2023-04-05 00:00:00+00:00,1870.38,1942.98,1864.58,1908.69,548595.5155,2023-04-05 23:59:59.999000+00:00,1045846831.791563,1077031.0,281338.725,536320635.934765
2023-04-06 00:00:00+00:00,1908.68,1909.91,1853.7,1872.41,396241.4352,2023-04-06 23:59:59.999000+00:00,743618300.024,916688.0,190334.8978,357167485.352436
2023-04-07 00:00:00+00:00,1872.41,1882.61,1841.46,1863.72,284256.4873,2023-04-07 23:59:59.999000+00:00,528718750.378566,829061.0,143802.1285,267474497.282928
2023-04-08 00:00:00+00:00,1863.73,1879.38,1847.0,1848.82,197905.5407,2023-04-08 23:59:59.999000+00:00,368792680.929658,902787.0,97213.2882,181198387.334433
2023-04-09 00:00:00+00:00,1848.82,1873.99,1824.01,1858.92,287131.3079,2023-04-09 23:59:59.999000+00:00,529878494.840373,953458.0,146393.8295,270125898.843105
2023-04-10 00:00:00+00:00,1858.91,1918.79,1846.4,1910.2,434739.7984,2023-04-10 23:59:59.999000+00:00,816212712.862947,586284.0,218877.8586,410947350.79718
2023-04-11 00:00:00+00:00,1910.21,1937.37,1881.11,1889.86,405203.4892,2023-04-11 23:59:59.999000+00:00,774389695.845932,590527.0,209441.7172,400266668.511361
2023-04-12 00:00:00+00:00,1889.86,1933.0,1852.65,1917.39,630844.4186,2023-04-12 23:59:59.999000+00:00,1195663632.078732,801456.0,318566.1128,603818547.582894
2023-04-13 00:00:00+00:00,1917.4,2023.0,1899.55,2012.01,676164.5188,2023-04-13 23:59:59.999000+00:00,1333377092.124591,911569.0,358627.7444,706952043.883102
2023-04-14 00:00:00+00:00,2012.0,2128.76,2009.22,2099.99,896307.3934,2023-04-14 23:59:59.999000+00:00,1877719501.123732,1182309.0,463960.1556,971826170.994831
2023-04-15 00:00:00+00:00,2099.99,2111.85,2071.13,2090.6,321823.7851,2023-04-15 23:59:59.999000+00:00,674260851.49151,505299.0,159120.98,333402759.039286
2023-04-16 00:00:00+00:00,2090.61,2141.54,2072.72,2118.67,319880.4393,2023-04-16 23:59:59.999000+00:00,673034613.415835,529231.0,162518.1328,341954921.313032
2023-04-17 00:00:00+00:00,2118.66,2120.51,2056.25,2074.0,426972.7071,2023-04-17 23:59:59.999000+00:00,889433328.786508,674817.0,206218.4799,429616895.547511
2023-04-18 00:00:00+00:00,2073.99,2125.0,2051.0,2103.5,414244.6135,2023-04-18 23:59:59.999000+00:00,867291463.569828,636801.0,205943.0188,431182409.022914
2023-04-19 00:00:00+00:00,2103.51,2104.6,1923.03,1933.73,775389.0602,2023-04-19 23:59:59.999000+00:00,1547934187.85902,1116849.0,381226.9641,760478525.516055
2023-04-20 00:00:00+00:00,1933.74,1982.99,1914.43,1942.98,625336.2495,2023-04-20 23:59:59.999000+00:00,1218184973.299396,869619.0,307551.8071,598986977.594464
2023-04-21 00:00:00+00:00,1942.98,1957.27,1825.0,1848.78,688876.6186,2023-04-21 23:59:59.999000+00:00,1306179482.091942,868887.0,339964.1825,644708261.744395
2023-04-22 00:00:00+00:00,1848.77,1887.31,1841.64,1874.16,331007.5879,2023-04-22 23:59:59.999000+00:00,616579601.311765,451499.0,168125.1409,313147831.357009
2023-04-23 00:00:00+00:00,1874.17,1882.01,1836.37,1862.0,344514.3444,2023-04-23 23:59:59.999000+00:00,641362428.689366,463928.0,180537.4201,336129438.631238
2023-04-24 00:00:00+00:00,1862.01,1890.0,1806.0,1841.84,447864.0517,2023-04-24 23:59:59.999000+00:00,826968889.241232,682824.0,216968.9613,400599962.395403
2023-04-25 00:00:00+00:00,1841.84,1877.86,1801.66,1866.1,457870.6047,2023-04-25 23:59:59.999000+00:00,839226421.378246,631766.0,238370.8971,436940670.148063
2023-04-26 00:00:00+00:00,1866.1,1964.72,1785.0,1866.01,897709.7298,2023-04-26 23:59:59.999000+00:00,1695903568.960903,1182620.0,445589.9861,842104509.424001
2023-04-27 00:00:00+00:00,1866.01,1940.96,1861.19,1908.68,727472.9466,2023-04-27 23:59:59.999000+00:00,1383094120.67767,959609.0,378523.2934,719109759.957455
2023-04-28 00:00:00+00:00,1908.68,1923.88,1873.94,1890.94,387630.7791,2023-04-28 23:59:59.999000+00:00,736203306.614156,574483.0,201390.0556,382298834.019809
2023-04-29 00:00:00+00:00,1890.93,1918.0,1883.05,1907.8,182046.1406,2023-04-29 23:59:59.999000+00:00,346028241.295737,335962.0,90910.2544,172785540.85637
2023-04-30 00:00:00+00:00,1907.79,1939.0,1866.16,1870.09,355336.4888,2023-04-30 23:59:59.999000+00:00,677913240.814662,552933.0,176787.4337,337334018.002625
2023-05-01 00:00:00+00:00,1870.08,1886.49,1806.12,1830.73,445519.1779,2023-05-01 23:59:59.999000+00:00,818821593.694849,647788.0,220514.8113,405281273.929108
2023-05-02 00:00:00+00:00,1830.73,1881.87,1822.94,1870.08,373753.2027,2023-05-02 23:59:59.999000+00:00,690907892.110455,563768.0,184439.1031,340877324.218158
2023-05-03 00:00:00+00:00,1870.09,1916.52,1842.64,1905.12,465185.2501,2023-05-03 23:59:59.999000+00:00,871222153.959792,751579.0,239749.0806,449104177.864072
2023-05-04 00:00:00+00:00,1905.12,1918.26,1866.71,1877.07,354528.6144,2023-05-04 23:59:59.999000+00:00,670584503.659619,525802.0,172127.9509,325526383.589932
2023-05-05 00:00:00+00:00,1877.07,1998.36,1875.65,1993.3,546608.875,2023-05-05 23:59:59.999000+00:00,1061183389.068112,803612.0,281818.2188,546945491.993123
2023-05-06 00:00:00+00:00,1993.3,2019.0,1860.0,1896.33,608106.9915,2023-05-06 23:59:59.999000+00:00,1169939393.312777,868626.0,309602.2227,595756528.400797
2023-05-07 00:00:00+00:00,1896.33,1933.33,1867.59,1870.4,413268.8357,2023-05-07 23:59:59.999000+00:00,787566158.198456,625667.0,198046.1876,377209171.372105
2023-05-08 00:00:00+00:00,1870.41,1883.97,1810.73,1847.56,625316.6168,2023-05-08 23:59:59.999000+00:00,1157603209.761854,885693.0,308193.8507,570302849.746665
2023-05-09 00:00:00+00:00,1847.55,1861.88,1830.99,1846.52,304396.186,2023-05-09 23:59:59.999000+00:00,561440259.790895,517737.0,154195.2071,284409845.645079
2023-05-10 00:00:00+00:00,1846.53,1887.47,1790.51,1840.84,639933.3855,2023-05-10 23:59:59.999000+00:00,1182254717.032215,802140.0,315762.3953,583244341.867981
2023-05-11 00:00:00+00:00,1840.83,1842.02,1772.68,1794.3,522096.0725,2023-05-11 23:59:59.999000+00:00,944525427.027942,679625.0,256341.5035,463715175.204272
2023-05-12 00:00:00+00:00,1794.31,1818.63,1740.0,1807.45,565539.8309,2023-05-12 23:59:59.999000+00:00,1002104362.594411,696930.0,272766.5815,483569848.957916
2023-05-13 00:00:00+00:00,1807.45,1817.03,1785.23,1795.11,212895.4373,2023-05-13 23:59:59.999000+00:00,383397322.744781,342566.0,107960.5618,194416969.777289
2023-05-14 00:00:00+00:00,1795.12,1824.0,1789.82,1799.21,218101.0977,2023-05-14 23:59:59.999000+00:00,393557662.80186,348092.0,112091.4998,202267370.369558
2023-05-15 00:00:00+00:00,1799.2,1846.7,1785.05,1816.2,388171.9261,2023-05-15 23:59:59.999000+00:00,708011632.174709,503728.0,200878.5212,366433193.428354
2023-05-16 00:00:00+00:00,1816.21,1832.64,1796.2,1824.21,311238.6786,2023-05-16 23:59:59.999000+00:00,565367254.106777,466058.0,145796.2684,264839999.726318
2023-05-17 00:00:00+00:00,1824.21,1837.5,1783.68,1822.12,352097.9913,2023-05-17 23:59:59.999000+00:00,637776970.833855,524718.0,174614.8238,316362266.891233
2023-05-18 00:00:00+00:00,1822.12,1831.92,1771.12,1800.56,293755.311,2023-05-18 23:59:59.999000+00:00,531357170.827152,480171.0,142539.4053,257898809.718076
2023-05-19 00:00:00+00:00,1800.56,1829.54,1796.81,1812.32,243116.4676,2023-05-19 23:59:59.999000+00:00,440291732.350879,390917.0,125305.6452,226950073.642058
2023-05-20 00:00:00+00:00,1812.31,1828.87,1807.06,1819.42,127754.4349,2023-05-20 23:59:59.999000+00:00,232010582.306628,272744.0,67168.5635,122004402.445928
2023-05-21 00:00:00+00:00,1819.42,1828.98,1797.21,1804.91,161517.8053,2023-05-21 23:59:59.999000+00:00,292535613.878124,308391.0,76815.2518,139145313.568439
2023-05-22 00:00:00+00:00,1804.91,1828.27,1792.01,1817.35,237498.9423,2023-05-22 23:59:59.999000+00:00,430673377.916653,411867.0,123914.6884,224774189.867085
2023-05-23 00:00:00+00:00,1817.36,1872.5,1815.24,1854.05,396869.6097,2023-05-23 23:59:59.999000+00:00,734581474.722466,548587.0,222549.7769,411731244.578506
2023-05-24 00:00:00+00:00,1854.06,1854.09,1777.6,1799.89,420846.1445,2023-05-24 23:59:59.999000+00:00,761360360.597887,554307.0,193455.1113,349797434.176159
2023-05-25 00:00:00+00:00,1799.89,1818.81,1761.41,1805.6,350633.0089,2023-05-25 23:59:59.999000+00:00,628769352.442571,482899.0,164410.1627,294794104.354962
2023-05-26 00:00:00+00:00,1805.61,1838.2,1796.99,1827.79,275690.6854,2023-05-26 23:59:59.999000+00:00,501773973.879937,375854.0,140633.1075,255923842.594071
2023-05-27 00:00:00+00:00,1827.8,1836.12,1812.18,1829.89,138824.9406,2023-05-27 23:59:59.999000+00:00,253710138.250563,276383.0,69580.6479,127156321.87459
2023-05-28 00:00:00+00:00,1829.89,1918.65,1823.6,1908.64,378392.4371,2023-05-28 23:59:59.999000+00:00,705699886.229488,549727.0,194805.8607,363152161.536748
2023-05-29 00:00:00+00:00,1908.64,1927.62,1873.65,1892.6,313593.4942,2023-05-29 23:59:59.999000+00:00,596236148.909885,445895.0,158390.3448,301175186.439594
2023-05-30 00:00:00+00:00,1892.6,1917.0,1881.19,1900.59,272665.8402,2023-05-30 23:59:59.999000+00:00,519059196.247416,422249.0,134288.1609,255644547.737627
2023-05-31 00:00:00+00:00,1900.58,1907.13,1846.95,1873.63,319255.5681,2023-05-31 23:59:59.999000+00:00,597360395.544034,451133.0,149451.087,279624016.04226
2023-06-01 00:00:00+00:00,1873.63,1889.2,1840.0,1861.78,270496.6097,2023-06-01 23:59:59.999000+00:00,504448237.27338,422899.0,132786.9324,247622735.209231
2023-06-02 00:00:00+00:00,1861.78,1910.0,1847.51,1906.68,313004.0658,2023-06-02 23:59:59.999000+00:00,591169483.099447,456788.0,157874.0403,298230534.993066
2023-06-03 00:00:00+00:00,1906.69,1907.92,1881.6,1892.06,148818.2427,2023-06-03 23:59:59.999000+00:00,282550389.946688,292512.0,71248.1015,135269927.949346
2023-06-04 00:00:00+00:00,1892.05,1914.63,1884.22,1890.01,172683.0119,2023-06-04 23:59:59.999000+00:00,328166899.062354,289973.0,85783.1201,163026354.238026
2023-06-05 00:00:00+00:00,1890.0,1890.63,1778.0,1810.5,555361.2683,2023-06-05 23:59:59.999000+00:00,1017689609.362256,688879.0,253634.645,464638835.759449
2023-06-06 00:00:00+00:00,1810.49,1898.29,1797.18,1884.64,491407.2174,2023-06-06 23:59:59.999000+00:00,907660359.425966,616201.0,254098.0244,469823908.553932
2023-06-07 00:00:00+00:00,1884.65,1897.8,1821.18,1832.13,429196.7064,2023-06-07 23:59:59.999000+00:00,796856688.866713,594071.0,201074.7993,373411267.734446
2023-06-08 00:00:00+00:00,1832.12,1861.28,1828.31,1845.64,189270.4853,2023-06-08 23:59:59.999000+00:00,349160385.10498,347990.0,89218.1306,164597259.318507
2023-06-09 00:00:00+00:00,1845.65,1855.0,1827.0,1840.37,198324.3252,2023-06-09 23:59:59.999000+00:00,365037779.742887,354623.0,92841.2883,170881394.316314
2023-06-10 00:00:00+00:00,1840.37,1844.99,1715.03,1751.53,652324.6695,2023-06-10 23:59:59.999000+00:00,1148312156.525596,877410.0,298962.6533,525884490.138605
2023-06-11 00:00:00+00:00,1751.52,1778.25,1738.72,1752.76,219956.2434,2023-06-11 23:59:59.999000+00:00,385656545.950238,378921.0,104970.1039,184058191.293455
2023-06-12 00:00:00+00:00,1752.77,1759.33,1720.0,1742.57,302132.4819,2023-06-12 23:59:59.999000+00:00,525467514.619609,467392.0,154579.0466,268848228.1776
2023-06-13 00:00:00+00:00,1742.57,1770.13,1724.22,1740.12,284268.0018,2023-06-13 23:59:59.999000+00:00,495907901.668493,498880.0,147060.3735,256562479.934
2023-06-14 00:00:00+00:00,1740.12,1750.03,1630.43,1650.95,415847.327,2023-06-14 23:59:59.999000+00:00,705586390.233981,572996.0,198035.006,335772562.742377
2023-06-15 00:00:00+00:00,1650.95,1680.91,1626.01,1666.96,370774.7696,2023-06-15 23:59:59.999000+00:00,611499814.542176,458568.0,192425.5156,317419943.086948
2023-06-16 00:00:00+00:00,1666.96,1729.5,1649.86,1717.92,311734.5904,2023-06-16 23:59:59.999000+00:00,525393264.962201,408176.0,158600.074,267168521.191646
2023-06-17 00:00:00+00:00,1717.91,1770.0,1714.26,1727.76,210914.9216,2023-06-17 23:59:59.999000+00:00,366944179.320637,359758.0,107260.8485,186631806.833697
2023-06-18 00:00:00+00:00,1727.75,1747.84,1712.0,1720.95,156535.0128,2023-06-18 23:59:59.999000+00:00,270948973.417484,273858.0,79223.6039,137159225.733412
2023-06-19 00:00:00+00:00,1720.95,1752.19,1698.0,1737.11,245162.7589,2023-06-19 23:59:59.999000+00:00,422827205.775489,366143.0,120432.5942,207735564.792355
2023-06-20 00:00:00+00:00,1737.1,1796.99,1714.72,1791.99,328855.6846,2023-06-20 23:59:59.999000+00:00,577529266.789217,459724.0,168345.9791,295848851.477509
2023-06-21 00:00:00+00:00,1791.99,1901.0,1787.38,1889.11,613755.8869,2023-06-21 23:59:59.999000+00:00,1132377905.488902,699689.0,301882.535,557089886.052912
2023-06-22 00:00:00+00:00,1889.1,1933.17,1865.98,1872.01,416714.5719,2023-06-22 23:59:59.999000+00:00,791056016.146176,536410.0,196874.686,373931527.580786
2023-06-23 00:00:00+00:00,1872.0,1936.42,1861.01,1892.63,401147.9324,2023-06-23 23:59:59.999000+00:00,760352485.336681,531784.0,196520.6502,372600003.369504
2023-06-24 00:00:00+00:00,1892.63,1906.0,1864.77,1874.96,226910.2941,2023-06-24 23:59:59.999000+00:00,427721477.76198,356654.0,108047.8764,203668990.458571
2023-06-25 00:00:00+00:00,1874.95,1930.0,1868.83,1898.8,338757.6158,2023-06-25 23:59:59.999000+00:00,644415530.040616,482753.0,170334.2642,323870595.292583
2023-06-26 00:00:00+00:00,1898.8,1909.1,1837.18,1858.97,458743.861,2023-06-26 23:59:59.999000+00:00,859537162.355614,518009.0,221834.2749,415653994.571015
2023-06-27 00:00:00+00:00,1858.97,1912.53,1855.19,1889.58,366634.5707,2023-06-27 23:59:59.999000+00:00,690855987.041332,437184.0,195382.3664,368354695.947731
2023-06-28 00:00:00+00:00,1889.58,1890.19,1816.56,1828.02,337836.5792,2023-06-28 23:59:59.999000+00:00,626358502.58848,437585.0,160645.2676,297804857.125455
2023-06-29 00:00:00+00:00,1828.03,1880.0,1827.84,1851.99,241844.8281,2023-06-29 23:59:59.999000+00:00,448678322.176822,350823.0,123194.6191,228587452.243649
2023-06-30 00:00:00+00:00,1851.99,1948.6,1825.01,1933.79,716538.1035,2023-06-30 23:59:59.999000+00:00,1353630452.615445,824889.0,345435.6526,653049175.245027
2023-07-01 00:00:00+00:00,1933.8,1944.56,1909.44,1924.5,178373.3688,2023-07-01 23:59:59.999000+00:00,343093755.612736,307019.0,88294.4703,169850518.153404
2023-07-02 00:00:00+00:00,1924.5,1959.2,1885.75,1937.48,255852.7832,2023-07-02 23:59:59.999000+00:00,491981842.960139,381133.0,127341.9623,244921036.01352
2023-07-03 00:00:00+00:00,1937.49,1976.16,1933.55,1955.54,322102.4295,2023-07-03 23:59:59.999000+00:00,631158998.811416,404084.0,156608.6405,306826484.736802
2023-07-04 00:00:00+00:00,1955.55,1967.08,1931.58,1936.2,205525.0984,2023-07-04 23:59:59.999000+00:00,401186997.249838,307691.0,93898.5422,183304067.882058
2023-07-05 00:00:00+00:00,1936.19,1942.5,1894.51,1910.36,267633.4783,2023-07-05 23:59:59.999000+00:00,512774138.218949,362985.0,128057.0596,245340739.075563
2023-07-06 00:00:00+00:00,1910.35,1958.0,1846.0,1846.17,456362.741,2023-07-06 23:59:59.999000+00:00,868009586.22327,519031.0,225559.182,429043301.004543
2023-07-07 00:00:00+00:00,1846.17,1878.0,1826.0,1870.91,232944.3466,2023-07-07 23:59:59.999000+00:00,432733381.054967,355260.0,115143.0873,213926654.205755
2023-07-08 00:00:00+00:00,1870.92,1876.0,1842.8,1865.24,125819.8273,2023-07-08 23:59:59.999000+00:00,234001180.804625,228589.0,62592.5197,116432999.11736
2023-07-09 00:00:00+00:00,1865.24,1879.36,1856.15,1862.8,135046.3743,2023-07-09 23:59:59.999000+00:00,252189550.05161,234925.0,67977.917,126943043.660608
2023-07-10 00:00:00+00:00,1862.81,1905.5,1846.63,1880.4,247868.1494,2023-07-10 23:59:59.999000+00:00,464186441.163382,338462.0,123964.154,232197400.111328
2023-07-11 00:00:00+00:00,1880.41,1891.99,1862.38,1878.3,177771.6117,2023-07-11 23:59:59.999000+00:00,333339876.932696,256360.0,85214.3301,159785569.139996
2023-07-12 00:00:00+00:00,1878.31,1902.0,1864.37,1871.82,264406.8673,2023-07-12 23:59:59.999000+00:00,498567734.559133,338468.0,127657.9526,240728674.896198
2023-07-13 00:00:00+00:00,1871.82,2012.63,1862.59,2004.49,548861.4207,2023-07-13 23:59:59.999000+00:00,1069502144.026194,618276.0,275375.0189,536826200.189522
2023-07-14 00:00:00+00:00,2004.49,2029.11,1898.39,1937.83,498724.0359,2023-07-14 23:59:59.999000+00:00,982369872.0199,604687.0,233071.082,459199490.677216
2023-07-15 00:00:00+00:00,1937.82,1946.37,1926.23,1931.41,135181.7663,2023-07-15 23:59:59.999000+00:00,261553961.167515,242818.0,65759.3938,127241697.857544
2023-07-16 00:00:00+00:00,1931.41,1943.55,1914.0,1922.11,148667.1051,2023-07-16 23:59:59.999000+00:00,286787440.456901,253770.0,69691.9153,134478359.190649
2023-07-17 00:00:00+00:00,1922.12,1936.18,1873.26,1911.2,277159.0349,2023-07-17 23:59:59.999000+00:00,528662412.297658,391391.0,134997.4387,257602038.119769
2023-07-18 00:00:00+00:00,1911.21,1917.19,1875.73,1897.21,215780.5006,2023-07-18 23:59:59.999000+00:00,409583830.876333,315100.0,104433.4023,198241004.728506
2023-07-19 00:00:00+00:00,1897.21,1922.04,1882.17,1888.63,218045.0005,2023-07-19 23:59:59.999000+00:00,415268112.543401,266831.0,108435.7397,206536797.50756
2023-07-20 00:00:00+00:00,1888.64,1929.05,1878.0,1891.59,292907.5164,2023-07-20 23:59:59.999000+00:00,556981450.455301,353180.0,146238.3371,278124518.645565
2023-07-21 00:00:00+00:00,1891.59,1905.74,1884.64,1891.73,165554.0428,2023-07-21 23:59:59.999000+00:00,313414135.895111,260385.0,80526.6642,152465025.971911
2023-07-22 00:00:00+00:00,1891.73,1897.35,1851.18,1866.52,131901.6487,2023-07-22 23:59:59.999000+00:00,247820592.768613,240897.0,63386.2807,119075556.079677
2023-07-23 00:00:00+00:00,1866.52,1905.25,1857.82,1888.73,153501.0178,2023-07-23 23:59:59.999000+00:00,288736391.861338,254227.0,77750.7953,146207958.769452
2023-07-24 00:00:00+00:00,1888.74,1890.86,1833.19,1850.0,276504.5547,2023-07-24 23:59:59.999000+00:00,512402907.457845,336366.0,132903.4964,246198594.777422
2023-07-25 00:00:00+00:00,1850.0,1868.71,1845.45,1857.66,152251.21,2023-07-25 23:59:59.999000+00:00,282696600.921257,248856.0,74772.6946,138842172.885674
2023-07-26 00:00:00+00:00,1857.66,1888.0,1848.35,1872.0,272090.5333,2023-07-26 23:59:59.999000+00:00,507049348.717311,319851.0,148093.9082,275939339.567176
2023-07-27 00:00:00+00:00,1871.99,1886.11,1854.84,1861.28,163766.4259,2023-07-27 23:59:59.999000+00:00,306463587.40202,252294.0,80701.93,151048244.460309
2023-07-28 00:00:00+00:00,1861.29,1883.39,1856.52,1874.19,138695.7147,2023-07-28 23:59:59.999000+00:00,259228467.502262,219389.0,70493.2035,131768046.050694
2023-07-29 00:00:00+00:00,1874.2,1886.58,1869.54,1880.46,72867.0269,2023-07-29 23:59:59.999000+00:00,136676328.67955,166385.0,35883.3501,67306690.351579
2023-07-30 00:00:00+00:00,1880.45,1885.3,1848.17,1861.79,158657.5902,2023-07-30 23:59:59.999000+00:00,296504225.221497,247858.0,82527.463,154244296.269244
2023-07-31 00:00:00+00:00,1861.79,1877.4,1851.02,1856.14,168204.4534,2023-07-31 23:59:59.999000+00:00,313517086.161755,246487.0,81667.8524,152228050.615145
2023-08-01 00:00:00+00:00,1856.13,1875.62,1813.8,1873.47,358476.0966,2023-08-01 23:59:59.999000+00:00,659100582.108448,411508.0,170424.3649,313392733.794412
2023-08-02 00:00:00+00:00,1873.48,1879.74,1821.21,1839.9,254213.0553,2023-08-02 23:59:59.999000+00:00,470466371.262786,331270.0,122977.5627,227628401.257956
2023-08-03 00:00:00+00:00,1839.9,1859.12,1826.0,1835.81,171148.052,2023-08-03 23:59:59.999000+00:00,315081750.38648,254918.0,84099.073,154854420.421639
2023-08-04 00:00:00+00:00,1835.81,1851.31,1815.74,1830.23,187699.4552,2023-08-04 23:59:59.999000+00:00,344687096.602038,256002.0,90965.1443,167095446.038227
2023-08-05 00:00:00+00:00,1830.24,1839.0,1827.5,1836.48,93657.3255,2023-08-05 23:59:59.999000+00:00,171683574.022643,174254.0,46888.3941,85951801.632353
2023-08-06 00:00:00+00:00,1836.48,1838.58,1825.86,1830.28,90403.9915,2023-08-06 23:59:59.999000+00:00,165701947.019345,169928.0,43827.8515,80334895.42593
2023-08-07 00:00:00+00:00,1830.28,1847.0,1802.0,1829.1,224092.9059,2023-08-07 23:59:59.999000+00:00,409166592.891649,289161.0,109927.115,200686537.155386
2023-08-08 00:00:00+00:00,1829.1,1876.51,1826.33,1856.3,236336.03,2023-08-08 23:59:59.999000+00:00,436891258.634858,322607.0,121075.1387,223753000.410186
2023-08-09 00:00:00+00:00,1856.3,1871.99,1846.28,1855.35,191926.8343,2023-08-09 23:59:59.999000+00:00,356559464.883318,266834.0,93172.6895,173114071.770235
2023-08-10 00:00:00+00:00,1855.36,1865.95,1845.38,1852.47,127321.4553,2023-08-10 23:59:59.999000+00:00,236043286.656351,208017.0,62527.3615,115937584.656644
2023-08-11 00:00:00+00:00,1852.47,1857.26,1838.05,1848.84,113209.3103,2023-08-11 23:59:59.999000+00:00,209237745.63836,197546.0,54665.6809,101048972.227958
2023-08-12 00:00:00+00:00,1848.84,1854.01,1846.08,1849.93,63292.6476,2023-08-12 23:59:59.999000+00:00,117106742.569844,154110.0,32218.9528,59615440.052437
2023-08-13 00:00:00+00:00,1849.94,1862.0,1834.51,1840.73,120674.1364,2023-08-13 23:59:59.999000+00:00,222956657.347428,211874.0,69109.1508,127637208.702245
2023-08-14 00:00:00+00:00,1840.73,1856.5,1835.0,1845.5,150196.1203,2023-08-14 23:59:59.999000+00:00,277387603.677403,244296.0,69702.7957,128731746.137513
2023-08-15 00:00:00+00:00,1845.5,1847.36,1814.0,1828.98,186081.6989,2023-08-15 23:59:59.999000+00:00,341622741.956271,264314.0,85927.3188,157737206.702051
2023-08-16 00:00:00+00:00,1828.98,1831.52,1798.17,1807.81,205430.7368,2023-08-16 23:59:59.999000+00:00,373631455.899558,311372.0,94619.3996,172094672.818027
2023-08-17 00:00:00+00:00,1807.81,1809.99,1550.0,1681.49,812138.2159,2023-08-17 23:59:59.999000+00:00,1390504308.003381,906515.0,389817.1811,666353412.643052
2023-08-18 00:00:00+00:00,1681.49,1699.4,1641.02,1661.59,538083.1018,2023-08-18 23:59:59.999000+00:00,901117750.717323,597838.0,256018.6718,428794110.089386
2023-08-19 00:00:00+00:00,1661.6,1696.72,1654.31,1669.67,231919.0485,2023-08-19 23:59:59.999000+00:00,387407573.3804,312174.0,116535.7301,194692011.360829
2023-08-20 00:00:00+00:00,1669.68,1694.75,1662.03,1685.24,195623.5263,2023-08-20 23:59:59.999000+00:00,327342264.94863,275035.0,94917.0042,158824704.099472
2023-08-21 00:00:00+00:00,1685.23,1688.59,1649.4,1667.55,250835.1518,2023-08-21 23:59:59.999000+00:00,418860905.067397,297843.0,117136.718,195605713.143898
2023-08-22 00:00:00+00:00,1667.56,1669.38,1580.0,1634.99,402012.045,2023-08-22 23:59:59.999000+00:00,657589420.923018,484314.0,187447.1847,306584459.756798
2023-08-23 00:00:00+00:00,1635.0,1702.11,1629.05,1679.61,374761.1088,2023-08-23 23:59:59.999000+00:00,622717740.76397,472134.0,180299.0885,299569404.886001
2023-08-24 00:00:00+00:00,1679.61,1683.37,1635.28,1661.16,231539.7805,2023-08-24 23:59:59.999000+00:00,383948287.500426,287178.0,111082.6585,184136212.632219
2023-08-25 00:00:00+00:00,1661.16,1677.22,1635.51,1653.8,236261.6898,2023-08-25 23:59:59.999000+00:00,390502520.582296,307211.0,114825.1861,189795100.574874
2023-08-26 00:00:00+00:00,1653.79,1655.59,1644.0,1647.04,79175.425,2023-08-26 23:59:59.999000+00:00,130634757.648333,157980.0,36874.9536,60839314.571021
2023-08-27 00:00:00+00:00,1647.03,1660.24,1646.32,1658.33,87789.9196,2023-08-27 23:59:59.999000+00:00,145109143.683836,163046.0,45374.4533,75003594.938715
2023-08-28 00:00:00+00:00,1658.33,1664.34,1621.75,1653.08,214351.0143,2023-08-28 23:59:59.999000+00:00,352868062.83225,274580.0,103654.5089,170648261.334814
2023-08-29 00:00:00+00:00,1653.08,1745.84,1640.0,1729.42,494371.0823,2023-08-29 23:59:59.999000+00:00,842464924.522092,504683.0,251594.2652,428870082.857159
2023-08-30 00:00:00+00:00,1729.41,1730.93,1694.34,1705.23,202841.4402,2023-08-30 23:59:59.999000+00:00,347291135.28552,308391.0,97462.2728,166837724.683157
2023-08-31 00:00:00+00:00,1705.23,1729.0,1630.0,1645.76,330518.2668,2023-08-31 23:59:59.999000+00:00,554219312.094311,396774.0,158776.9421,266221239.021038
2023-09-01 00:00:00+00:00,1645.77,1654.53,1602.33,1629.12,302406.1686,2023-09-01 23:59:59.999000+00:00,493457144.938849,368740.0,152891.8655,249490726.906069
2023-09-02 00:00:00+00:00,1629.13,1645.0,1628.03,1637.03,102145.9476,2023-09-02 23:59:59.999000+00:00,166937240.933972,208209.0,50845.8558,83098703.769183
2023-09-03 00:00:00+00:00,1637.02,1647.5,1625.14,1635.84,116767.2862,2023-09-03 23:59:59.999000+00:00,190979647.353311,216339.0,58997.6072,96501876.144268
2023-09-04 00:00:00+00:00,1635.84,1644.82,1616.32,1630.51,168010.9056,2023-09-04 23:59:59.999000+00:00,274049115.417922,275381.0,79390.4406,129501176.247899
2023-09-05 00:00:00+00:00,1630.52,1648.02,1609.69,1634.45,204365.4907,2023-09-05 23:59:59.999000+00:00,333010633.963955,299045.0,92320.4268,150498646.091964
2023-09-06 00:00:00+00:00,1634.46,1670.0,1609.2,1633.15,219541.0193,2023-09-06 23:59:59.999000+00:00,358419121.474319,331227.0,106351.4694,173671492.353161
2023-09-07 00:00:00+00:00,1633.15,1660.0,1623.4,1648.11,228558.2782,2023-09-07 23:59:59.999000+00:00,374542954.194732,319517.0,108679.2155,178109929.791434
2023-09-08 00:00:00+00:00,1648.11,1658.93,1616.21,1636.44,221570.0458,2023-09-08 23:59:59.999000+00:00,362938822.785618,312966.0,109915.1953,180061629.980893
2023-09-09 00:00:00+00:00,1636.43,1637.52,1629.74,1635.54,58519.6229,2023-09-09 23:59:59.999000+00:00,95627623.417556,156305.0,26774.7047,43756923.411164
2023-09-10 00:00:00+00:00,1635.53,1635.7,1600.0,1617.42,207957.8428,2023-09-10 23:59:59.999000+00:00,336517904.443572,292581.0,100039.4638,161887440.956075
2023-09-11 00:00:00+00:00,1617.42,1619.0,1531.01,1551.85,417424.8189,2023-09-11 23:59:59.999000+00:00,657137141.34232,470056.0,202066.273,318051411.665565
2023-09-12 00:00:00+00:00,1551.84,1626.0,1549.67,1592.97,329739.9685,2023-09-12 23:59:59.999000+00:00,525392019.744392,444268.0,163861.7224,260938398.990684
2023-09-13 00:00:00+00:00,1592.97,1619.3,1581.88,1607.62,223409.2889,2023-09-13 23:59:59.999000+00:00,357304191.673901,349327.0,107880.3712,172522864.733231
2023-09-14 00:00:00+00:00,1607.61,1644.29,1607.05,1626.47,275301.1505,2023-09-14 23:59:59.999000+00:00,447913522.75155,414952.0,138634.912,225589264.493063
2023-09-15 00:00:00+00:00,1626.48,1654.08,1611.42,1641.29,181340.024,2023-09-15 23:59:59.999000+00:00,295616593.107865,313776.0,88087.7606,143641063.631508
2023-09-16 00:00:00+00:00,1641.3,1653.17,1631.31,1634.4,99555.4671,2023-09-16 23:59:59.999000+00:00,163144495.691079,245713.0,43821.9381,71819073.486561
2023-09-17 00:00:00+00:00,1634.4,1635.0,1612.0,1622.48,120227.4117,2023-09-17 23:59:59.999000+00:00,195464805.891003,264713.0,53504.6423,86960701.565434
2023-09-18 00:00:00+00:00,1622.48,1669.5,1603.88,1636.66,279041.6978,2023-09-18 23:59:59.999000+00:00,458235380.246686,453410.0,138512.8418,227475377.923703
2023-09-19 00:00:00+00:00,1636.66,1661.04,1626.32,1643.12,184282.4258,2023-09-19 23:59:59.999000+00:00,302910996.591828,350549.0,87617.8889,144020378.481033
2023-09-20 00:00:00+00:00,1643.13,1649.34,1604.51,1622.26,232844.2347,2023-09-20 23:59:59.999000+00:00,379255954.951705,382581.0,110068.5625,179266382.869451
2023-09-21 00:00:00+00:00,1622.27,1625.3,1567.77,1583.94,240627.544,2023-09-21 23:59:59.999000+00:00,384503484.655841,368163.0,113477.5269,181209870.858909
2023-09-22 00:00:00+00:00,1583.94,1602.68,1576.58,1593.08,124886.091,2023-09-22 23:59:59.999000+00:00,198987470.055888,267398.0,59931.0382,95501097.433615
2023-09-23 00:00:00+00:00,1593.07,1598.24,1587.45,1593.86,64537.1341,2023-09-23 23:59:59.999000+00:00,102806906.083431,217950.0,29897.5066,47624962.929268
2023-09-24 00:00:00+00:00,1593.85,1601.12,1570.01,1580.71,137517.8533,2023-09-24 23:59:59.999000+00:00,218549215.974009,307377.0,69567.5288,110560825.810273
2023-09-25 00:00:00+00:00,1580.71,1597.5,1563.01,1588.33,176706.9277,2023-09-25 23:59:59.999000+00:00,279294486.722661,405042.0,86242.6755,136326196.382982
2023-09-26 00:00:00+00:00,1588.34,1599.78,1580.05,1594.01,125583.0161,2023-09-26 23:59:59.999000+00:00,199551097.289548,317309.0,60123.6282,95545795.235097
2023-09-27 00:00:00+00:00,1594.02,1634.1,1583.5,1598.64,274404.4328,2023-09-27 23:59:59.999000+00:00,440883556.960054,478489.0,130309.7247,209389151.243776
2023-09-28 00:00:00+00:00,1598.63,1668.21,1598.14,1652.99,331409.7015,2023-09-28 23:59:59.999000+00:00,541873730.296698,567825.0,161317.0219,263716289.477129
2023-09-29 00:00:00+00:00,1653.0,1688.0,1648.37,1667.45,251975.6728,2023-09-29 23:59:59.999000+00:00,420335662.096628,494615.0,119324.5578,199086852.668729
2023-09-30 00:00:00+00:00,1667.45,1694.32,1666.19,1670.89,136924.9141,2023-09-30 23:59:59.999000+00:00,229630339.535437,342315.0,74748.0519,125347764.512873
2023-10-01 00:00:00+00:00,1670.89,1751.0,1668.0,1733.79,225611.5868,2023-10-01 23:59:59.999000+00:00,383793846.183488,495195.0,113996.1659,194000592.086688
2023-10-02 00:00:00+00:00,1733.8,1744.0,1636.79,1662.4,378575.6898,2023-10-02 23:59:59.999000+00:00,643680600.092603,773990.0,181099.2202,308057405.921358
2023-10-03 00:00:00+00:00,1662.41,1670.65,1643.0,1656.88,198287.1164,2023-10-03 23:59:59.999000+00:00,328606758.398617,530016.0,93742.6154,155357300.321747
2023-10-04 00:00:00+00:00,1656.88,1657.66,1625.0,1646.58,222861.7167,2023-10-04 23:59:59.999000+00:00,365919693.07999,553269.0,105410.5768,173086611.248066
2023-10-05 00:00:00+00:00,1646.58,1655.47,1606.73,1611.79,237378.7449,2023-10-05 23:59:59.999000+00:00,386770321.772352,545845.0,110822.1459,180526551.030471
2023-10-06 00:00:00+00:00,1611.79,1662.0,1611.68,1645.03,220507.9286,2023-10-06 23:59:59.999000+00:00,360565723.578844,539488.0,109623.0006,179235720.669668
2023-10-07 00:00:00+00:00,1645.03,1647.71,1630.03,1633.57,101241.5732,2023-10-07 23:59:59.999000+00:00,165907550.809013,288695.0,47002.9812,77028514.729545
2023-10-08 00:00:00+00:00,1633.56,1641.4,1616.17,1632.84,149424.6635,2023-10-08 23:59:59.999000+00:00,243516204.388717,372636.0,72838.6157,118698298.922767
2023-10-09 00:00:00+00:00,1632.85,1636.0,1546.0,1580.13,340141.0988,2023-10-09 23:59:59.999000+00:00,540588837.459589,646240.0,167250.9839,265609380.018295
2023-10-10 00:00:00+00:00,1580.13,1594.9,1550.55,1567.63,240659.3287,2023-10-10 23:59:59.999000+00:00,378967575.340083,613660.0,122514.9803,192965581.789255
2023-10-11 00:00:00+00:00,1567.62,1578.43,1544.26,1566.87,260253.9671,2023-10-11 23:59:59.999000+00:00,406667649.144022,605321.0,134785.4864,210618804.5234
2023-10-12 00:00:00+00:00,1566.86,1568.56,1521.0,1539.61,237221.4977,2023-10-12 23:59:59.999000+00:00,366335747.013667,510960.0,110863.925,171195520.917838
2023-10-13 00:00:00+00:00,1539.61,1575.36,1537.76,1552.16,192205.8736,2023-10-13 23:59:59.999000+00:00,297929349.186925,520123.0,92439.2041,143291580.645839
2023-10-14 00:00:00+00:00,1552.16,1561.72,1544.55,1554.94,100314.6754,2023-10-14 23:59:59.999000+00:00,155648012.907844,281561.0,41626.7567,64617045.026053
2023-10-15 00:00:00+00:00,1554.94,1567.62,1547.44,1557.77,120311.2738,2023-10-15 23:59:59.999000+00:00,187266232.062386,316951.0,57789.4724,89957330.734353
2023-10-16 00:00:00+00:00,1557.78,1639.43,1555.06,1599.42,418510.8644,2023-10-16 23:59:59.999000+00:00,665124956.25364,729569.0,215767.0856,342929071.445982
2023-10-17 00:00:00+00:00,1599.41,1600.53,1551.08,1565.01,234817.0699,2023-10-17 23:59:59.999000+00:00,370032208.156754,475213.0,106364.4626,167596650.464214
2023-10-18 00:00:00+00:00,1565.01,1585.42,1555.88,1563.44,177750.2253,2023-10-18 23:59:59.999000+00:00,279357949.45458,440577.0,87939.0343,138219607.962158
2023-10-19 00:00:00+00:00,1563.45,1574.45,1541.61,1566.57,216217.6675,2023-10-19 23:59:59.999000+00:00,336684246.044496,469598.0,101807.2651,158534910.776496
2023-10-20 00:00:00+00:00,1566.57,1630.4,1561.19,1603.89,315995.792,2023-10-20 23:59:59.999000+00:00,506065182.982314,651738.0,158954.7247,254549257.170936
2023-10-21 00:00:00+00:00,1603.88,1644.53,1592.36,1628.94,176419.4092,2023-10-21 23:59:59.999000+00:00,285546594.56213,463033.0,89419.9093,144754684.681657
2023-10-22 00:00:00+00:00,1628.94,1667.8,1621.1,1663.7,228650.9225,2023-10-22 23:59:59.999000+00:00,374841495.304391,580843.0,108635.9861,178084510.666948
2023-10-23 00:00:00+00:00,1663.69,1800.0,1657.07,1765.46,610931.9663,2023-10-23 23:59:59.999000+00:00,1044121568.099054,1167834.0,302609.5335,517197485.186853
2023-10-24 00:00:00+00:00,1765.47,1854.38,1756.21,1784.98,674055.1375,2023-10-24 23:59:59.999000+00:00,1216867823.899225,1308532.0,335960.7613,606671583.339117
2023-10-25 00:00:00+00:00,1784.98,1817.69,1760.0,1787.15,354410.8294,2023-10-25 23:59:59.999000+00:00,634289515.565779,774777.0,177656.3027,318020760.740403
2023-10-26 00:00:00+00:00,1787.15,1865.54,1762.21,1803.38,431169.0453,2023-10-26 23:59:59.999000+00:00,781481904.959697,901019.0,216166.7856,391693373.219167
2023-10-27 00:00:00+00:00,1803.39,1803.91,1744.66,1779.4,274532.6921,2023-10-27 23:59:59.999000+00:00,488398895.217537,594592.0,137263.4682,244249949.518076
2023-10-28 00:00:00+00:00,1779.41,1803.23,1770.0,1776.2,122919.7382,2023-10-28 23:59:59.999000+00:00,219588597.64105,333711.0,59590.4543,106460555.459359
2023-10-29 00:00:00+00:00,1776.21,1811.3,1762.66,1795.14,144110.6508,2023-10-29 23:59:59.999000+00:00,258015412.931554,371024.0,68282.9779,122240383.728225
2023-10-30 00:00:00+00:00,1795.14,1829.84,1777.77,1809.04,277686.192,2023-10-30 23:59:59.999000+00:00,501228029.317605,560359.0,134895.648,243576319.809321
2023-10-31 00:00:00+00:00,1809.03,1819.41,1780.99,1814.67,258074.5796,2023-10-31 23:59:59.999000+00:00,464695558.995254,577888.0,120112.9154,216284275.887916
2023-11-01 00:00:00+00:00,1814.67,1857.66,1783.19,1846.99,471921.6184,2023-11-01 23:59:59.999000+00:00,858744655.311508,862416.0,234932.8994,427830377.619231
2023-11-02 00:00:00+00:00,1846.99,1875.0,1785.01,1800.8,368738.2193,2023-11-02 23:59:59.999000+00:00,674522153.765589,790110.0,185623.849,339696387.315571
2023-11-03 00:00:00+00:00,1800.79,1834.58,1777.11,1832.71,315000.2678,2023-11-03 23:59:59.999000+00:00,568244477.517703,713592.0,148670.1446,268213982.308777
2023-11-04 00:00:00+00:00,1832.7,1869.9,1824.03,1855.54,171538.0364,2023-11-04 23:59:59.999000+00:00,315560482.702516,463794.0,90964.8828,167382926.708237
2023-11-05 00:00:00+00:00,1855.54,1912.67,1846.11,1891.71,383106.7628,2023-11-05 23:59:59.999000+00:00,721508408.943992,780672.0,194760.1848,366825053.126505
2023-11-06 00:00:00+00:00,1891.71,1914.23,1868.48,1900.95,328746.2394,2023-11-06 23:59:59.999000+00:00,622198937.156692,717293.0,163547.4576,309583391.106961
2023-11-07 00:00:00+00:00,1900.95,1906.99,1850.32,1885.27,332419.4406,2023-11-07 23:59:59.999000+00:00,625566317.427045,760921.0,157050.0994,295599094.272118
2023-11-08 00:00:00+00:00,1885.26,1904.69,1872.51,1888.12,247881.0997,2023-11-08 23:59:59.999000+00:00,468144576.741454,514836.0,125671.6197,237346429.604856
2023-11-09 00:00:00+00:00,1888.11,2132.0,1882.07,2121.32,1100330.3237,2023-11-09 23:59:59.999000+00:00,2200484378.92985,1657379.0,576184.4116,1151326154.695377
2023-11-10 00:00:00+00:00,2121.33,2136.99,2064.61,2077.72,555573.6495,2023-11-10 23:59:59.999000+00:00,1167220520.828261,880646.0,270796.8185,569032269.470129
2023-11-11 00:00:00+00:00,2077.72,2089.6,2030.3,2053.17,370966.0372,2023-11-11 23:59:59.999000+00:00,763796737.409375,675522.0,177075.1787,364652650.682364
2023-11-12 00:00:00+00:00,2053.16,2066.5,2012.1,2044.68,281907.559,2023-11-12 23:59:59.999000+00:00,577153459.51571,556231.0,142320.7072,291430126.465684
2023-11-13 00:00:00+00:00,2044.69,2118.0,2028.49,2053.65,529143.5815,2023-11-13 23:59:59.999000+00:00,1093862454.321374,1025249.0,261963.7359,541622293.089721
2023-11-14 00:00:00+00:00,2053.65,2064.96,1936.6,1979.39,481909.733,2023-11-14 23:59:59.999000+00:00,972032428.326573,884487.0,227697.3986,459505858.160156
2023-11-15 00:00:00+00:00,1979.4,2062.4,1967.01,2058.48,421870.8032,2023-11-15 23:59:59.999000+00:00,847945999.664,731745.0,214270.8055,430649792.143132
2023-11-16 00:00:00+00:00,2058.49,2090.4,1939.1,1961.77,545286.1297,2023-11-16 23:59:59.999000+00:00,1101174547.308609,991673.0,258249.2406,521815881.914009
2023-11-17 00:00:00+00:00,1961.77,1991.5,1904.0,1960.82,401100.5069,2023-11-17 23:59:59.999000+00:00,783561858.011889,788071.0,190084.3041,371312547.955412
2023-11-18 00:00:00+00:00,1960.82,1971.22,1916.0,1962.6,279368.2208,2023-11-18 23:59:59.999000+00:00,543924395.733028,535494.0,125794.9894,245020429.99701
2023-11-19 00:00:00+00:00,1962.59,2015.75,1942.89,2011.47,251132.6192,2023-11-19 23:59:59.999000+00:00,494600634.891146,506631.0,126144.4417,248644868.457963
2023-11-20 00:00:00+00:00,2011.47,2066.4,1990.0,2021.4,421717.679,2023-11-20 23:59:59.999000+00:00,854002757.451172,751621.0,202758.5895,410688842.479823
2023-11-21 00:00:00+00:00,2021.41,2034.6,1931.43,1933.01,490163.9863,2023-11-21 23:59:59.999000+00:00,974304142.397174,888864.0,228457.6645,454169629.260296
2023-11-22 00:00:00+00:00,1933.01,2092.46,1928.41,2063.21,466120.5109,2023-11-22 23:59:59.999000+00:00,943776525.65738,796700.0,230629.9937,466898382.311014
2023-11-23 00:00:00+00:00,2063.22,2088.94,2040.35,2062.2,250960.6958,2023-11-23 23:59:59.999000+00:00,517482313.452256,527877.0,125214.9169,258240481.047099
2023-11-24 00:00:00+00:00,2062.21,2133.02,2059.37,2080.84,426932.5402,2023-11-24 23:59:59.999000+00:00,894370772.518114,672044.0,209685.717,439269617.036783
2023-11-25 00:00:00+00:00,2080.84,2090.54,2065.3,2083.09,138847.393,2023-11-25 23:59:59.999000+00:00,288887833.978004,350920.0,69009.3343,143596956.953531
2023-11-26 00:00:00+00:00,2083.1,2094.99,2036.42,2062.33,241262.9136,2023-11-26 23:59:59.999000+00:00,499314260.833915,510922.0,118774.1509,245826217.302756
2023-11-27 00:00:00+00:00,2062.34,2071.24,1985.78,2027.5,326073.2298,2023-11-27 23:59:59.999000+00:00,660673302.74006,622522.0,159492.2391,323207766.236463
2023-11-28 00:00:00+00:00,2027.5,2075.0,1995.15,2048.14,283775.9279,2023-11-28 23:59:59.999000+00:00,578404413.958468,606358.0,146633.5652,298858840.662627
2023-11-29 00:00:00+00:00,2048.14,2075.7,2019.31,2028.81,254843.7319,2023-11-29 23:59:59.999000+00:00,521225853.33225,503614.0,125984.0441,257660016.097295
2023-11-30 00:00:00+00:00,2028.8,2054.75,2020.85,2051.96,243680.0921,2023-11-30 23:59:59.999000+00:00,496360388.666385,458227.0,123357.9875,251301504.634003
2023-12-01 00:00:00+00:00,2051.95,2110.87,2045.04,2087.24,372645.586,2023-12-01 23:59:59.999000+00:00,778670941.03376,598646.0,193580.1024,404463202.528674
2023-12-02 00:00:00+00:00,2087.24,2186.6,2086.25,2164.74,320979.9768,2023-12-02 23:59:59.999000+00:00,684434398.684245,618401.0,177507.9065,378562669.288434
2023-12-03 00:00:00+00:00,2164.75,2217.27,2149.0,2192.95,257879.1136,2023-12-03 23:59:59.999000+00:00,560343820.028509,556948.0,135206.3079,293879684.386559
2023-12-04 00:00:00+00:00,2192.96,2274.28,2191.0,2243.37,565307.7134,2023-12-04 23:59:59.999000+00:00,1263069834.208612,980117.0,283090.7467,632410939.65829
2023-12-05 00:00:00+00:00,2243.36,2309.72,2188.33,2293.33,529829.7214,2023-12-05 23:59:59.999000+00:00,1190597719.193227,1018557.0,272102.5162,611589710.74711
2023-12-06 00:00:00+00:00,2293.33,2312.23,2220.0,2232.7,408338.9056,2023-12-06 23:59:59.999000+00:00,925926168.109342,842212.0,201586.6438,457181711.841819
2023-12-07 00:00:00+00:00,2232.7,2382.8,2222.0,2355.73,485190.0609,2023-12-07 23:59:59.999000+00:00,1115389522.523053,921917.0,253392.503,582277684.037913
2023-12-08 00:00:00+00:00,2355.74,2392.0,2336.34,2358.72,378569.8126,2023-12-08 23:59:59.999000+00:00,893841920.83732,713431.0,188434.411,444945340.378827
2023-12-09 00:00:00+00:00,2358.71,2403.0,2328.01,2340.49,287771.0664,2023-12-09 23:59:59.999000+00:00,679437458.931254,648813.0,143129.4262,338059268.859952
2023-12-10 00:00:00+00:00,2340.48,2377.47,2320.0,2352.39,200037.2102,2023-12-10 23:59:59.999000+00:00,469860963.947153,464455.0,98846.2403,232231421.449705
2023-12-11 00:00:00+00:00,2352.39,2355.0,2156.62,2225.12,640414.9166,2023-12-11 23:59:59.999000+00:00,1426910964.96622,1153316.0,310376.7183,691367771.317584
2023-12-12 00:00:00+00:00,2225.11,2244.12,2166.0,2203.46,361588.9087,2023-12-12 23:59:59.999000+00:00,799015127.414974,804062.0,174479.1572,385626460.741709
2023-12-13 00:00:00+00:00,2203.47,2284.02,2144.32,2260.16,418916.6154,2023-12-13 23:59:59.999000+00:00,922420273.947253,897019.0,208136.212,458517097.439537
2023-12-14 00:00:00+00:00,2260.16,2332.11,2228.2,2315.32,409508.0931,2023-12-14 23:59:59.999000+00:00,934716057.650864,918965.0,199995.2598,456684016.259407
2023-12-15 00:00:00+00:00,2315.32,2317.81,2200.0,2220.5,333552.6328,2023-12-15 23:59:59.999000+00:00,754022987.247722,714102.0,158002.0979,357145001.645171
2023-12-16 00:00:00+00:00,2220.51,2263.4,2210.0,2228.96,199285.923,2023-12-16 23:59:59.999000+00:00,446980227.082835,528692.0,102517.1494,229991096.387078
2023-12-17 00:00:00+00:00,2228.96,2248.68,2191.5,2196.52,225925.7675,2023-12-17 23:59:59.999000+00:00,501306718.242808,531241.0,110196.7331,244591673.218002
2023-12-18 00:00:00+00:00,2196.53,2224.0,2116.6,2219.43,364103.1181,2023-12-18 23:59:59.999000+00:00,789100505.031711,769310.0,185328.3664,401777681.859636
2023-12-19 00:00:00+00:00,2219.44,2255.0,2135.55,2177.91,383551.4049,2023-12-19 23:59:59.999000+00:00,847060839.708398,786067.0,199184.6769,440190473.499015
2023-12-20 00:00:00+00:00,2177.9,2266.0,2156.0,2202.17,416841.6272,2023-12-20 23:59:59.999000+00:00,922794580.703402,867198.0,217937.7275,482487428.03181
2023-12-21 00:00:00+00:00,2202.17,2279.31,2182.98,2239.61,453069.7252,2023-12-21 23:59:59.999000+00:00,1010354340.135799,848508.0,231043.8883,515263188.513108
2023-12-22 00:00:00+00:00,2239.6,2343.15,2230.59,2324.54,591357.488,2023-12-22 23:59:59.999000+00:00,1358322906.958078,1124820.0,304284.728,698670214.948795
2023-12-23 00:00:00+00:00,2324.54,2330.65,2265.0,2308.2,255626.9352,2023-12-23 23:59:59.999000+00:00,586078143.242079,588229.0,125338.9003,287364940.980557
2023-12-24 00:00:00+00:00,2308.2,2326.19,2245.0,2264.05,307951.076,2023-12-24 23:59:59.999000+00:00,705420988.78504,711200.0,149344.8048,342167364.796424
2023-12-25 00:00:00+00:00,2264.04,2304.8,2253.1,2271.35,286277.1616,2023-12-25 23:59:59.999000+00:00,652158658.258351,613108.0,142610.6547,324881292.119615
2023-12-26 00:00:00+00:00,2271.36,2274.99,2178.45,2230.88,410413.1591,2023-12-26 23:59:59.999000+00:00,916097827.49845,701701.0,204347.7388,456146429.338457
2023-12-27 00:00:00+00:00,2230.88,2392.44,2211.88,2378.35,541537.3574,2023-12-27 23:59:59.999000+00:00,1250873719.550661,978666.0,275739.282,637066006.827834
2023-12-28 00:00:00+00:00,2378.35,2445.8,2335.0,2344.15,580459.982,2023-12-28 23:59:59.999000+00:00,1385456486.286191,1241094.0,286686.8536,684383781.918876
2023-12-29 00:00:00+00:00,2344.15,2385.41,2255.34,2299.2,450201.2069,2023-12-29 23:59:59.999000+00:00,1049566350.122209,990308.0,220819.1179,515080529.831584
2023-12-30 00:00:00+00:00,2299.2,2322.84,2268.0,2291.68,210539.1327,2023-12-30 23:59:59.999000+00:00,483369913.478846,555932.0,104439.5003,239815289.256531
2023-12-31 00:00:00+00:00,2291.68,2321.34,2258.88,2281.87,222175.8779,2023-12-31 23:59:59.999000+00:00,510046689.187396,548848.0,109570.8069,251574412.242063
